{
  "checkpoints": [
    {
      "checkpoint_label": "grpo_qwen2.5_1.5b_alfworld_seed0_wmlat_l0p001_s0_init",
      "checkpoint_path": "base",
      "checkpoint_step": "init",
      "row_mean_action_hidden_norm": 125.28043448088614,
      "row_mean_action_obs_cosine": 0.17615802999532507,
      "row_mean_ce": 1.4257375160536603,
      "row_mean_obs_hidden_norm": 164.28889841708084,
      "row_mean_target_confidence": 0.6861289141536424,
      "row_mean_target_entropy": 0.9134819840424035,
      "rows": 4119,
      "rows_with_targets": 4119,
      "target_tokens": 1986513,
      "token_mean_ce": 1.4250207471440839,
      "token_mean_perplexity": 4.15794410732662
    },
    {
      "checkpoint_label": "grpo_qwen2.5_1.5b_alfworld_seed0_wmlat_l0p001_s0_step30",
      "checkpoint_path": "/mnt/cephfs_home_tianming.sha/grpo_alfworld/checkpoints/grpo_qwen2.5_1.5b_alfworld_seed0_wmlat_l0p001_s0/global_step_30",
      "checkpoint_step": "30",
      "row_mean_action_hidden_norm": 124.67507907527545,
      "row_mean_action_obs_cosine": 0.15432701089956874,
      "row_mean_ce": 1.379868112941524,
      "row_mean_obs_hidden_norm": 170.79744384461856,
      "row_mean_target_confidence": 0.6793700709566384,
      "row_mean_target_entropy": 0.9640340570484327,
      "rows": 4119,
      "rows_with_targets": 4119,
      "target_tokens": 1986513,
      "token_mean_ce": 1.3785887181139855,
      "token_mean_perplexity": 3.9692958774063762
    },
    {
      "checkpoint_label": "grpo_qwen2.5_1.5b_alfworld_seed0_wmlat_l0p001_s0_step60",
      "checkpoint_path": "/mnt/cephfs_home_tianming.sha/grpo_alfworld/checkpoints/grpo_qwen2.5_1.5b_alfworld_seed0_wmlat_l0p001_s0/global_step_60",
      "checkpoint_step": "60",
      "row_mean_action_hidden_norm": 123.8194572520968,
      "row_mean_action_obs_cosine": 0.14612882013285036,
      "row_mean_ce": 1.358081248888285,
      "row_mean_obs_hidden_norm": 172.67586113174264,
      "row_mean_target_confidence": 0.6773139940039803,
      "row_mean_target_entropy": 0.9753278445259811,
      "rows": 4119,
      "rows_with_targets": 4119,
      "target_tokens": 1986513,
      "token_mean_ce": 1.3576247383551046,
      "token_mean_perplexity": 3.886949805491361
    },
    {
      "checkpoint_label": "grpo_qwen2.5_1.5b_alfworld_seed0_wmlat_l0p001_s0_step90",
      "checkpoint_path": "/mnt/cephfs_home_tianming.sha/grpo_alfworld/checkpoints/grpo_qwen2.5_1.5b_alfworld_seed0_wmlat_l0p001_s0/global_step_90",
      "checkpoint_step": "90",
      "row_mean_action_hidden_norm": 122.9928617113914,
      "row_mean_action_obs_cosine": 0.11584816090934455,
      "row_mean_ce": 1.3673353791541016,
      "row_mean_obs_hidden_norm": 172.95945805315543,
      "row_mean_target_confidence": 0.6736903592173583,
      "row_mean_target_entropy": 0.9848868888134689,
      "rows": 4119,
      "rows_with_targets": 4119,
      "target_tokens": 1986513,
      "token_mean_ce": 1.3677655394887849,
      "token_mean_perplexity": 3.9265671266670403
    },
    {
      "checkpoint_label": "grpo_qwen2.5_1.5b_alfworld_seed0_wmlat_l0p001_s0_step120",
      "checkpoint_path": "/mnt/cephfs_home_tianming.sha/grpo_alfworld/checkpoints/grpo_qwen2.5_1.5b_alfworld_seed0_wmlat_l0p001_s0/global_step_120",
      "checkpoint_step": "120",
      "row_mean_action_hidden_norm": 122.06065562767553,
      "row_mean_action_obs_cosine": 0.13297057200406803,
      "row_mean_ce": 1.3575676268068342,
      "row_mean_obs_hidden_norm": 173.50827888586937,
      "row_mean_target_confidence": 0.6760347098596874,
      "row_mean_target_entropy": 0.9559193908169767,
      "rows": 4119,
      "rows_with_targets": 4119,
      "target_tokens": 1986513,
      "token_mean_ce": 1.3579618272181984,
      "token_mean_perplexity": 3.888260273841931
    },
    {
      "checkpoint_label": "grpo_qwen2.5_1.5b_alfworld_seed0_wmlat_l0p001_s0_step150",
      "checkpoint_path": "/mnt/cephfs_home_tianming.sha/grpo_alfworld/checkpoints/grpo_qwen2.5_1.5b_alfworld_seed0_wmlat_l0p001_s0/global_step_150",
      "checkpoint_step": "150",
      "row_mean_action_hidden_norm": 122.84628530392574,
      "row_mean_action_obs_cosine": 0.1377602880262155,
      "row_mean_ce": 1.4156809993241544,
      "row_mean_obs_hidden_norm": 171.25360333395687,
      "row_mean_target_confidence": 0.676717338167831,
      "row_mean_target_entropy": 0.9249741881904917,
      "rows": 4119,
      "rows_with_targets": 4119,
      "target_tokens": 1986513,
      "token_mean_ce": 1.4186699295609857,
      "token_mean_perplexity": 4.131621436493029
    }
  ],
  "max_length": 512,
  "provenance": {
    "argv": [
      "/tmp/wm_diag_scripts_21838b85edd9/wm_score_transition_dump.py",
      "--model-path",
      "/mnt/cephfs_home_tianming.sha/grpo_alfworld/models/Qwen2.5-1.5B-Instruct",
      "--transition-jsonl",
      "/mnt/cephfs_home_tianming.sha/grpo_alfworld/logs/world_model_rollouts/wmlat_l0p001_s0_seed0/150.wm_transitions.jsonl",
      "--output-csv",
      "/mnt/cephfs_home_tianming.sha/grpo_alfworld/logs/world_model_diagnostics/wmlat_l0p001_s0/checkpoint_scores.csv",
      "--summary-json",
      "/mnt/cephfs_home_tianming.sha/grpo_alfworld/logs/world_model_diagnostics/wmlat_l0p001_s0/checkpoint_scores_summary.json",
      "--max-length",
      "512",
      "--batch-size",
      "1",
      "--device",
      "cuda",
      "--dtype",
      "bfloat16",
      "--chat-template-kwargs-json",
      "{}",
      "--checkpoint",
      "grpo_qwen2.5_1.5b_alfworld_seed0_wmlat_l0p001_s0_init=base",
      "--checkpoint",
      "grpo_qwen2.5_1.5b_alfworld_seed0_wmlat_l0p001_s0_step30=/mnt/cephfs_home_tianming.sha/grpo_alfworld/checkpoints/grpo_qwen2.5_1.5b_alfworld_seed0_wmlat_l0p001_s0/global_step_30",
      "--checkpoint",
      "grpo_qwen2.5_1.5b_alfworld_seed0_wmlat_l0p001_s0_step60=/mnt/cephfs_home_tianming.sha/grpo_alfworld/checkpoints/grpo_qwen2.5_1.5b_alfworld_seed0_wmlat_l0p001_s0/global_step_60",
      "--checkpoint",
      "grpo_qwen2.5_1.5b_alfworld_seed0_wmlat_l0p001_s0_step90=/mnt/cephfs_home_tianming.sha/grpo_alfworld/checkpoints/grpo_qwen2.5_1.5b_alfworld_seed0_wmlat_l0p001_s0/global_step_90",
      "--checkpoint",
      "grpo_qwen2.5_1.5b_alfworld_seed0_wmlat_l0p001_s0_step120=/mnt/cephfs_home_tianming.sha/grpo_alfworld/checkpoints/grpo_qwen2.5_1.5b_alfworld_seed0_wmlat_l0p001_s0/global_step_120",
      "--checkpoint",
      "grpo_qwen2.5_1.5b_alfworld_seed0_wmlat_l0p001_s0_step150=/mnt/cephfs_home_tianming.sha/grpo_alfworld/checkpoints/grpo_qwen2.5_1.5b_alfworld_seed0_wmlat_l0p001_s0/global_step_150"
    ],
    "batch_size": 1,
    "chat_template_kwargs": {},
    "chat_template_kwargs_json": "{}",
    "checkpoint_count": 6,
    "checkpoints": [
      {
        "label": "grpo_qwen2.5_1.5b_alfworld_seed0_wmlat_l0p001_s0_init",
        "path": "base",
        "step": "init"
      },
      {
        "label": "grpo_qwen2.5_1.5b_alfworld_seed0_wmlat_l0p001_s0_step30",
        "path": "/mnt/cephfs_home_tianming.sha/grpo_alfworld/checkpoints/grpo_qwen2.5_1.5b_alfworld_seed0_wmlat_l0p001_s0/global_step_30",
        "step": "30"
      },
      {
        "label": "grpo_qwen2.5_1.5b_alfworld_seed0_wmlat_l0p001_s0_step60",
        "path": "/mnt/cephfs_home_tianming.sha/grpo_alfworld/checkpoints/grpo_qwen2.5_1.5b_alfworld_seed0_wmlat_l0p001_s0/global_step_60",
        "step": "60"
      },
      {
        "label": "grpo_qwen2.5_1.5b_alfworld_seed0_wmlat_l0p001_s0_step90",
        "path": "/mnt/cephfs_home_tianming.sha/grpo_alfworld/checkpoints/grpo_qwen2.5_1.5b_alfworld_seed0_wmlat_l0p001_s0/global_step_90",
        "step": "90"
      },
      {
        "label": "grpo_qwen2.5_1.5b_alfworld_seed0_wmlat_l0p001_s0_step120",
        "path": "/mnt/cephfs_home_tianming.sha/grpo_alfworld/checkpoints/grpo_qwen2.5_1.5b_alfworld_seed0_wmlat_l0p001_s0/global_step_120",
        "step": "120"
      },
      {
        "label": "grpo_qwen2.5_1.5b_alfworld_seed0_wmlat_l0p001_s0_step150",