{
  "checkpoints": [
    {
      "checkpoint_label": "grpo_qwen2.5_1.5b_alfworld_seed0_wm_obs_ce_l0p01_s0_init",
      "checkpoint_path": "base",
      "checkpoint_step": "init",
      "row_mean_action_hidden_norm": 124.96352005461952,
      "row_mean_action_obs_cosine": 0.1686697468133016,
      "row_mean_ce": 1.4361911623470232,
      "row_mean_obs_hidden_norm": 164.2414013542433,
      "row_mean_target_confidence": 0.6837643038846594,
      "row_mean_target_entropy": 0.9236700852911963,
      "rows": 4173,
      "rows_with_targets": 4173,
      "target_tokens": 2019486,
      "token_mean_ce": 1.4352244814278634,
      "token_mean_perplexity": 4.200587856918004
    },
    {
      "checkpoint_label": "grpo_qwen2.5_1.5b_alfworld_seed0_wm_obs_ce_l0p01_s0_step30",
      "checkpoint_path": "/mnt/cephfs_home_tianming.sha/grpo_alfworld/checkpoints/grpo_qwen2.5_1.5b_alfworld_seed0_wm_obs_ce_l0p01_s0/global_step_30",
      "checkpoint_step": "30",
      "row_mean_action_hidden_norm": 125.35353462261288,
      "row_mean_action_obs_cosine": 0.15224973495809502,
      "row_mean_ce": 0.4769362905616111,
      "row_mean_obs_hidden_norm": 160.15096043637695,
      "row_mean_target_confidence": 0.8612221485700591,
      "row_mean_target_entropy": 0.43177164130478835,
      "rows": 4173,
      "rows_with_targets": 4173,
      "target_tokens": 2019486,
      "token_mean_ce": 0.47733455936476316,
      "token_mean_perplexity": 1.61177258747448
    },
    {
      "checkpoint_label": "grpo_qwen2.5_1.5b_alfworld_seed0_wm_obs_ce_l0p01_s0_step60",
      "checkpoint_path": "/mnt/cephfs_home_tianming.sha/grpo_alfworld/checkpoints/grpo_qwen2.5_1.5b_alfworld_seed0_wm_obs_ce_l0p01_s0/global_step_60",
      "checkpoint_step": "60",
      "row_mean_action_hidden_norm": 125.51047348947569,
      "row_mean_action_obs_cosine": 0.15826351746957837,
      "row_mean_ce": 0.36017253036889835,
      "row_mean_obs_hidden_norm": 159.93215705803937,
      "row_mean_target_confidence": 0.8923191883396594,
      "row_mean_target_entropy": 0.31296833812576275,
      "rows": 4173,
      "rows_with_targets": 4173,
      "target_tokens": 2019486,
      "token_mean_ce": 0.36004728830447336,
      "token_mean_perplexity": 1.433397195880726
    },
    {
      "checkpoint_label": "grpo_qwen2.5_1.5b_alfworld_seed0_wm_obs_ce_l0p01_s0_step90",
      "checkpoint_path": "/mnt/cephfs_home_tianming.sha/grpo_alfworld/checkpoints/grpo_qwen2.5_1.5b_alfworld_seed0_wm_obs_ce_l0p01_s0/global_step_90",
      "checkpoint_step": "90",
      "row_mean_action_hidden_norm": 129.52484931461308,
      "row_mean_action_obs_cosine": 0.1358463025979721,
      "row_mean_ce": 0.3183045920206643,
      "row_mean_obs_hidden_norm": 159.08629750576975,
      "row_mean_target_confidence": 0.904369207057569,
      "row_mean_target_entropy": 0.2665246545700698,
      "rows": 4173,
      "rows_with_targets": 4173,
      "target_tokens": 2019486,
      "token_mean_ce": 0.3177782920567593,
      "token_mean_perplexity": 1.374071584869278
    },
    {
      "checkpoint_label": "grpo_qwen2.5_1.5b_alfworld_seed0_wm_obs_ce_l0p01_s0_step120",
      "checkpoint_path": "/mnt/cephfs_home_tianming.sha/grpo_alfworld/checkpoints/grpo_qwen2.5_1.5b_alfworld_seed0_wm_obs_ce_l0p01_s0/global_step_120",
      "checkpoint_step": "120",
      "row_mean_action_hidden_norm": 129.38668395242846,
      "row_mean_action_obs_cosine": 0.13710419440788404,
      "row_mean_ce": 0.29216794831625736,
      "row_mean_obs_hidden_norm": 157.5621730841923,
      "row_mean_target_confidence": 0.9136518586776025,
      "row_mean_target_entropy": 0.2309813161094698,
      "rows": 4173,
      "rows_with_targets": 4173,
      "target_tokens": 2019486,
      "token_mean_ce": 0.2910478790131574,
      "token_mean_perplexity": 1.3378286363315217
    },
    {
      "checkpoint_label": "grpo_qwen2.5_1.5b_alfworld_seed0_wm_obs_ce_l0p01_s0_step150",
      "checkpoint_path": "/mnt/cephfs_home_tianming.sha/grpo_alfworld/checkpoints/grpo_qwen2.5_1.5b_alfworld_seed0_wm_obs_ce_l0p01_s0/global_step_150",
      "checkpoint_step": "150",
      "row_mean_action_hidden_norm": 129.7232596705693,
      "row_mean_action_obs_cosine": 0.1509425014914914,
      "row_mean_ce": 0.27366011272747565,
      "row_mean_obs_hidden_norm": 157.65104441273678,
      "row_mean_target_confidence": 0.9171119288034986,
      "row_mean_target_entropy": 0.219463122114557,
      "rows": 4173,
      "rows_with_targets": 4173,
      "target_tokens": 2019486,
      "token_mean_ce": 0.2731748348008742,
      "token_mean_perplexity": 1.3141299803947128
    }
  ],
  "max_length": 512,
  "provenance": {
    "argv": [
      "/tmp/wm_diag_scripts_21838b85edd9/wm_score_transition_dump.py",
      "--model-path",
      "/mnt/cephfs_home_tianming.sha/grpo_alfworld/models/Qwen2.5-1.5B-Instruct",
      "--transition-jsonl",
      "/mnt/cephfs_home_tianming.sha/grpo_alfworld/logs/world_model_rollouts/wm_obs_ce_l0p01_s0_seed0/150.wm_transitions.jsonl",
      "--output-csv",
      "/mnt/cephfs_home_tianming.sha/grpo_alfworld/logs/world_model_diagnostics/wm_obs_ce_l0p01_s0/checkpoint_scores.csv",
      "--summary-json",
      "/mnt/cephfs_home_tianming.sha/grpo_alfworld/logs/world_model_diagnostics/wm_obs_ce_l0p01_s0/checkpoint_scores_summary.json",
      "--max-length",
      "512",
      "--batch-size",
      "1",
      "--device",
      "cuda",
      "--dtype",
      "bfloat16",
      "--chat-template-kwargs-json",
      "{}",
      "--checkpoint",
      "grpo_qwen2.5_1.5b_alfworld_seed0_wm_obs_ce_l0p01_s0_init=base",
      "--checkpoint",
      "grpo_qwen2.5_1.5b_alfworld_seed0_wm_obs_ce_l0p01_s0_step30=/mnt/cephfs_home_tianming.sha/grpo_alfworld/checkpoints/grpo_qwen2.5_1.5b_alfworld_seed0_wm_obs_ce_l0p01_s0/global_step_30",
      "--checkpoint",
      "grpo_qwen2.5_1.5b_alfworld_seed0_wm_obs_ce_l0p01_s0_step60=/mnt/cephfs_home_tianming.sha/grpo_alfworld/checkpoints/grpo_qwen2.5_1.5b_alfworld_seed0_wm_obs_ce_l0p01_s0/global_step_60",
      "--checkpoint",
      "grpo_qwen2.5_1.5b_alfworld_seed0_wm_obs_ce_l0p01_s0_step90=/mnt/cephfs_home_tianming.sha/grpo_alfworld/checkpoints/grpo_qwen2.5_1.5b_alfworld_seed0_wm_obs_ce_l0p01_s0/global_step_90",
      "--checkpoint",
      "grpo_qwen2.5_1.5b_alfworld_seed0_wm_obs_ce_l0p01_s0_step120=/mnt/cephfs_home_tianming.sha/grpo_alfworld/checkpoints/grpo_qwen2.5_1.5b_alfworld_seed0_wm_obs_ce_l0p01_s0/global_step_120",
      "--checkpoint",
      "grpo_qwen2.5_1.5b_alfworld_seed0_wm_obs_ce_l0p01_s0_step150=/mnt/cephfs_home_tianming.sha/grpo_alfworld/checkpoints/grpo_qwen2.5_1.5b_alfworld_seed0_wm_obs_ce_l0p01_s0/global_step_150"
    ],
    "batch_size": 1,
    "chat_template_kwargs": {},
    "chat_template_kwargs_json": "{}",
    "checkpoint_count": 6,
    "checkpoints": [
      {
        "label": "grpo_qwen2.5_1.5b_alfworld_seed0_wm_obs_ce_l0p01_s0_init",
        "path": "base",
        "step": "init"
      },
      {
        "label": "grpo_qwen2.5_1.5b_alfworld_seed0_wm_obs_ce_l0p01_s0_step30",
        "path": "/mnt/cephfs_home_tianming.sha/grpo_alfworld/checkpoints/grpo_qwen2.5_1.5b_alfworld_seed0_wm_obs_ce_l0p01_s0/global_step_30",
        "step": "30"
      },
      {
        "label": "grpo_qwen2.5_1.5b_alfworld_seed0_wm_obs_ce_l0p01_s0_step60",
        "path": "/mnt/cephfs_home_tianming.sha/grpo_alfworld/checkpoints/grpo_qwen2.5_1.5b_alfworld_seed0_wm_obs_ce_l0p01_s0/global_step_60",
        "step": "60"
      },
      {
        "label": "grpo_qwen2.5_1.5b_alfworld_seed0_wm_obs_ce_l0p01_s0_step90",
        "path": "/mnt/cephfs_home_tianming.sha/grpo_alfworld/checkpoints/grpo_qwen2.5_1.5b_alfworld_seed0_wm_obs_ce_l0p01_s0/global_step_90",
        "step": "90"
      },
      {
        "label": "grpo_qwen2.5_1.5b_alfworld_seed0_wm_obs_ce_l0p01_s0_step120",
        "path": "/mnt/cephfs_home_tianming.sha/grpo_alfworld/checkpoints/grpo_qwen2.5_1.5b_alfworld_seed0_wm_obs_ce_l0p01_s0/global_step_120",