{
  "checkpoints": [
    {
      "checkpoint_label": "grpo_qwen2.5_1.5b_alfworld_seed1_wm_obs_ce_l0p01_s1_init",
      "checkpoint_path": "base",
      "checkpoint_step": "init",
      "row_mean_action_hidden_norm": 126.62015636584734,
      "row_mean_action_obs_cosine": 0.21218866393854777,
      "row_mean_ce": 1.4312056615834283,
      "row_mean_obs_hidden_norm": 164.28135371219042,
      "row_mean_target_confidence": 0.6849489484421492,
      "row_mean_target_entropy": 0.9111027177160417,
      "rows": 4394,
      "rows_with_targets": 4394,
      "target_tokens": 2084119,
      "token_mean_ce": 1.4289254436171719,
      "token_mean_perplexity": 4.174211355683016
    },
    {
      "checkpoint_label": "grpo_qwen2.5_1.5b_alfworld_seed1_wm_obs_ce_l0p01_s1_step30",
      "checkpoint_path": "/mnt/cephfs_home_tianming.sha/grpo_alfworld/checkpoints/grpo_qwen2.5_1.5b_alfworld_seed1_wm_obs_ce_l0p01_s1/global_step_30",
      "checkpoint_step": "30",
      "row_mean_action_hidden_norm": 126.7605707622627,
      "row_mean_action_obs_cosine": 0.19507021358027685,
      "row_mean_ce": 0.45509626948333015,
      "row_mean_obs_hidden_norm": 161.13962209751023,
      "row_mean_target_confidence": 0.8668328167283106,
      "row_mean_target_entropy": 0.4053944510068197,
      "rows": 4394,
      "rows_with_targets": 4394,
      "target_tokens": 2084119,
      "token_mean_ce": 0.4563451709899756,
      "token_mean_perplexity": 1.5782950324146947
    },
    {
      "checkpoint_label": "grpo_qwen2.5_1.5b_alfworld_seed1_wm_obs_ce_l0p01_s1_step60",
      "checkpoint_path": "/mnt/cephfs_home_tianming.sha/grpo_alfworld/checkpoints/grpo_qwen2.5_1.5b_alfworld_seed1_wm_obs_ce_l0p01_s1/global_step_60",
      "checkpoint_step": "60",
      "row_mean_action_hidden_norm": 126.67351543268508,
      "row_mean_action_obs_cosine": 0.19295492738645997,
      "row_mean_ce": 0.34787993475743295,
      "row_mean_obs_hidden_norm": 159.70138299774462,
      "row_mean_target_confidence": 0.8940678751626012,
      "row_mean_target_entropy": 0.31328937645813365,
      "rows": 4394,
      "rows_with_targets": 4394,
      "target_tokens": 2084119,
      "token_mean_ce": 0.3470449491043504,
      "token_mean_perplexity": 1.4148803215443388
    },
    {
      "checkpoint_label": "grpo_qwen2.5_1.5b_alfworld_seed1_wm_obs_ce_l0p01_s1_step90",
      "checkpoint_path": "/mnt/cephfs_home_tianming.sha/grpo_alfworld/checkpoints/grpo_qwen2.5_1.5b_alfworld_seed1_wm_obs_ce_l0p01_s1/global_step_90",
      "checkpoint_step": "90",
      "row_mean_action_hidden_norm": 132.38372598716657,
      "row_mean_action_obs_cosine": 0.17876587081747194,
      "row_mean_ce": 0.3130348434468317,
      "row_mean_obs_hidden_norm": 159.11509222934396,
      "row_mean_target_confidence": 0.9062574400948458,
      "row_mean_target_entropy": 0.26029579299360067,
      "rows": 4394,
      "rows_with_targets": 4394,
      "target_tokens": 2084119,
      "token_mean_ce": 0.31136546680779414,
      "token_mean_perplexity": 1.3652880975019548
    },
    {
      "checkpoint_label": "grpo_qwen2.5_1.5b_alfworld_seed1_wm_obs_ce_l0p01_s1_step120",
      "checkpoint_path": "/mnt/cephfs_home_tianming.sha/grpo_alfworld/checkpoints/grpo_qwen2.5_1.5b_alfworld_seed1_wm_obs_ce_l0p01_s1/global_step_120",
      "checkpoint_step": "120",
      "row_mean_action_hidden_norm": 129.8938041239041,
      "row_mean_action_obs_cosine": 0.19472890024819073,
      "row_mean_ce": 0.28486692199711955,
      "row_mean_obs_hidden_norm": 158.9155793674002,
      "row_mean_target_confidence": 0.9138340581179641,
      "row_mean_target_entropy": 0.2314475560149633,
      "rows": 4394,
      "rows_with_targets": 4394,
      "target_tokens": 2084119,
      "token_mean_ce": 0.2838065704877197,
      "token_mean_perplexity": 1.328175997468943
    },
    {
      "checkpoint_label": "grpo_qwen2.5_1.5b_alfworld_seed1_wm_obs_ce_l0p01_s1_step150",
      "checkpoint_path": "/mnt/cephfs_home_tianming.sha/grpo_alfworld/checkpoints/grpo_qwen2.5_1.5b_alfworld_seed1_wm_obs_ce_l0p01_s1/global_step_150",
      "checkpoint_step": "150",
      "row_mean_action_hidden_norm": 132.72658815240663,
      "row_mean_action_obs_cosine": 0.1626487320862773,
      "row_mean_ce": 0.2698445962717162,
      "row_mean_obs_hidden_norm": 158.49810836333603,
      "row_mean_target_confidence": 0.9189682171922083,
      "row_mean_target_entropy": 0.2128320860442895,
      "rows": 4394,
      "rows_with_targets": 4394,
      "target_tokens": 2084119,
      "token_mean_ce": 0.26883332890556955,
      "token_mean_perplexity": 1.308437044237598
    }
  ],
  "max_length": 512,
  "provenance": {
    "argv": [
      "/tmp/wm_diag_scripts_21838b85edd9/wm_score_transition_dump.py",
      "--model-path",
      "/mnt/cephfs_home_tianming.sha/grpo_alfworld/models/Qwen2.5-1.5B-Instruct",
      "--transition-jsonl",
      "/mnt/cephfs_home_tianming.sha/grpo_alfworld/logs/world_model_rollouts/wm_obs_ce_l0p01_s1_seed1/150.wm_transitions.jsonl",
      "--output-csv",
      "/mnt/cephfs_home_tianming.sha/grpo_alfworld/logs/world_model_diagnostics/wm_obs_ce_l0p01_s1/checkpoint_scores.csv",
      "--summary-json",
      "/mnt/cephfs_home_tianming.sha/grpo_alfworld/logs/world_model_diagnostics/wm_obs_ce_l0p01_s1/checkpoint_scores_summary.json",
      "--max-length",
      "512",
      "--batch-size",
      "1",
      "--device",
      "cuda",
      "--dtype",
      "bfloat16",
      "--chat-template-kwargs-json",
      "{}",
      "--checkpoint",
      "grpo_qwen2.5_1.5b_alfworld_seed1_wm_obs_ce_l0p01_s1_init=base",
      "--checkpoint",
      "grpo_qwen2.5_1.5b_alfworld_seed1_wm_obs_ce_l0p01_s1_step30=/mnt/cephfs_home_tianming.sha/grpo_alfworld/checkpoints/grpo_qwen2.5_1.5b_alfworld_seed1_wm_obs_ce_l0p01_s1/global_step_30",
      "--checkpoint",
      "grpo_qwen2.5_1.5b_alfworld_seed1_wm_obs_ce_l0p01_s1_step60=/mnt/cephfs_home_tianming.sha/grpo_alfworld/checkpoints/grpo_qwen2.5_1.5b_alfworld_seed1_wm_obs_ce_l0p01_s1/global_step_60",
      "--checkpoint",
      "grpo_qwen2.5_1.5b_alfworld_seed1_wm_obs_ce_l0p01_s1_step90=/mnt/cephfs_home_tianming.sha/grpo_alfworld/checkpoints/grpo_qwen2.5_1.5b_alfworld_seed1_wm_obs_ce_l0p01_s1/global_step_90",
      "--checkpoint",
      "grpo_qwen2.5_1.5b_alfworld_seed1_wm_obs_ce_l0p01_s1_step120=/mnt/cephfs_home_tianming.sha/grpo_alfworld/checkpoints/grpo_qwen2.5_1.5b_alfworld_seed1_wm_obs_ce_l0p01_s1/global_step_120",
      "--checkpoint",
      "grpo_qwen2.5_1.5b_alfworld_seed1_wm_obs_ce_l0p01_s1_step150=/mnt/cephfs_home_tianming.sha/grpo_alfworld/checkpoints/grpo_qwen2.5_1.5b_alfworld_seed1_wm_obs_ce_l0p01_s1/global_step_150"
    ],
    "batch_size": 1,
    "chat_template_kwargs": {},
    "chat_template_kwargs_json": "{}",
    "checkpoint_count": 6,
    "checkpoints": [
      {
        "label": "grpo_qwen2.5_1.5b_alfworld_seed1_wm_obs_ce_l0p01_s1_init",
        "path": "base",
        "step": "init"
      },
      {
        "label": "grpo_qwen2.5_1.5b_alfworld_seed1_wm_obs_ce_l0p01_s1_step30",
        "path": "/mnt/cephfs_home_tianming.sha/grpo_alfworld/checkpoints/grpo_qwen2.5_1.5b_alfworld_seed1_wm_obs_ce_l0p01_s1/global_step_30",
        "step": "30"
      },
      {
        "label": "grpo_qwen2.5_1.5b_alfworld_seed1_wm_obs_ce_l0p01_s1_step60",
        "path": "/mnt/cephfs_home_tianming.sha/grpo_alfworld/checkpoints/grpo_qwen2.5_1.5b_alfworld_seed1_wm_obs_ce_l0p01_s1/global_step_60",
        "step": "60"
      },
      {
        "label": "grpo_qwen2.5_1.5b_alfworld_seed1_wm_obs_ce_l0p01_s1_step90",
        "path": "/mnt/cephfs_home_tianming.sha/grpo_alfworld/checkpoints/grpo_qwen2.5_1.5b_alfworld_seed1_wm_obs_ce_l0p01_s1/global_step_90",
        "step": "90"
      },
      {
        "label": "grpo_qwen2.5_1.5b_alfworld_seed1_wm_obs_ce_l0p01_s1_step120",
        "path": "/mnt/cephfs_home_tianming.sha/grpo_alfworld/checkpoints/grpo_qwen2.5_1.5b_alfworld_seed1_wm_obs_ce_l0p01_s1/global_step_120",